1;awaria1
2;awaria2
3;awaria3
4;awaria4
5;awaria5
6;awaria6
7;awaria7
8;awaria8
9;awaria9
10;awaria10
11;awaria11
12;awaria12
13;awaria13
14;awaria14
15;awaria15
16;awaria16
17;awaria17
18;awaria18
19;awaria19
20;awaria20
21;awaria21
22;awaria22
23;awaria23
24;awaria24
25;awaria25
26;awaria26
27;awaria27
28;awaria28
29;awaria29
30;awaria30
31;awaria31
32;awaria32
33;awaria33
34;awaria34
35;awaria35
36;awaria36
37;awaria37
38;awaria38
39;awaria39
40;awaria40
41;awaria41
42;awaria42
43;awaria43
44;awaria44
45;awaria45
46;awaria46
47;awaria47
48;awaria48
49;awaria49
50;awaria50
51;awaria51
52;awaria52
53;awaria53
54;awaria54
55;awaria55
56;awaria56
57;awaria57
58;awaria58
59;awaria59
60;awaria60
61;awaria61
62;awaria62
63;awaria63
64;awaria64
65;awaria65
66;awaria66
67;awaria67
68;awaria68
69;awaria69
70;awaria70
71;awaria71
72;awaria72
73;awaria73
74;awaria74
75;awaria75
76;awaria76
77;awaria77
78;awaria78
79;awaria79
80;awaria80
81;awaria81
82;awaria82
83;awaria83
84;awaria84
85;awaria85
86;awaria86
87;awaria87
88;awaria88
89;awaria89
90;awaria90
91;awaria91
92;awaria92
93;awaria93
94;awaria94
95;awaria95
96;awaria96
97;awaria97
98;awaria98
99;awaria99
100;awaria100
101;awaria101
102;awaria102
103;awaria103
104;awaria104
105;awaria105
106;awaria106
107;awaria107
108;awaria108
109;awaria109
110;awaria110
111;awaria111
112;awaria112
113;awaria113
114;awaria114
115;awaria115
116;awaria116
117;awaria117
118;awaria118
119;awaria119
120;awaria120
121;awaria121
122;awaria122
123;awaria123
124;awaria124
125;awaria125
126;awaria126
127;awaria127
128;awaria128
129;awaria129
130;awaria130
131;awaria131
132;awaria132
133;awaria133
134;awaria134
135;awaria135
136;awaria136
137;awaria137
138;awaria138
139;awaria139
140;awaria140
141;awaria141
142;awaria142
143;awaria143
144;awaria144
145;awaria145
146;awaria146
147;awaria147
148;awaria148
149;awaria149
150;awaria150
151;awaria151
152;awaria152
153;awaria153
154;awaria154
155;awaria155
156;awaria156
157;awaria157
158;awaria158
159;awaria159
160;awaria160
161;awaria161
162;awaria162
163;awaria163
164;awaria164
165;awaria165
166;awaria166
167;awaria167
168;awaria168
169;awaria169
170;awaria170
171;awaria171
172;awaria172
173;awaria173
174;awaria174
175;awaria175
176;awaria176
177;awaria177
178;awaria178
179;awaria179
180;awaria180
181;awaria181
182;awaria182
183;awaria183
184;awaria184
185;awaria185
186;awaria186
187;awaria187
188;awaria188
189;awaria189
190;awaria190
191;awaria191
192;awaria192
193;awaria193
194;awaria194
195;awaria195
196;awaria196
197;awaria197
198;awaria198
199;awaria199
200;awaria200
201;awaria201
202;awaria202
203;awaria203
204;awaria204
205;awaria205
206;awaria206
207;awaria207
208;awaria208
209;awaria209
210;awaria210
211;awaria211
212;awaria212
213;awaria213
214;awaria214
215;awaria215
216;awaria216
217;awaria217
218;awaria218
219;awaria219
220;awaria220
221;awaria221
222;awaria222
223;awaria223
224;awaria224
225;awaria225
226;awaria226
227;awaria227
228;awaria228
229;awaria229
230;awaria230
231;awaria231
232;awaria232
233;awaria233
234;awaria234
235;awaria235
236;awaria236
237;awaria237
238;awaria238
239;awaria239
240;awaria240
241;awaria241
242;awaria242
243;awaria243
244;awaria244
245;awaria245
246;awaria246
247;awaria247
248;awaria248
249;awaria249
250;awaria250
251;awaria251
252;awaria252
253;awaria253
254;awaria254
255;awaria255
256;awaria256
257;awaria257
258;awaria258
259;awaria259
260;awaria260
261;awaria261
262;awaria262
263;awaria263
264;awaria264
265;awaria265
266;awaria266
267;awaria267
268;awaria268
269;awaria269
270;awaria270
271;awaria271
272;awaria272
273;awaria273
274;awaria274
275;awaria275
276;awaria276
277;awaria277
278;awaria278
279;awaria279
280;awaria280
281;awaria281
282;awaria282
283;awaria283
284;awaria284
285;awaria285
286;awaria286
287;awaria287
288;awaria288
289;awaria289
290;awaria290
291;awaria291
292;awaria292
293;awaria293
294;awaria294
295;awaria295
296;awaria296
297;awaria297
298;awaria298
299;awaria299
300;awaria300
