1;Masz1
2;Masz2
3;Masz3
4;Masz4
5;Masz5
6;Masz6
7;Masz7
8;Masz8
9;Masz9
10;Masz10
11;Masz11
12;Masz12
13;Masz13
14;Masz14
15;Masz15
16;Masz16
17;Masz17
18;Masz18
19;Masz19
20;Masz20
21;Masz21
22;Masz22
23;Masz23
24;Masz24
25;Masz25
26;Masz26
27;Masz27
28;Masz28
29;Masz29
30;Masz30
31;Masz31
32;Masz32
33;Masz33
34;Masz34
35;Masz35
36;Masz36
37;Masz37
38;Masz38
39;Masz39
40;Masz40
41;Masz41
42;Masz42
43;Masz43
44;Masz44
45;Masz45
46;Masz46
47;Masz47
48;Masz48
49;Masz49
50;Masz50
51;Masz51
52;Masz52
53;Masz53
54;Masz54
55;Masz55
56;Masz56
57;Masz57
58;Masz58
59;Masz59
60;Masz60
61;Masz61
62;Masz62
63;Masz63
64;Masz64
65;Masz65
66;Masz66
67;Masz67
68;Masz68
69;Masz69
70;Masz70
71;Masz71
72;Masz72
73;Masz73
74;Masz74
75;Masz75
76;Masz76
77;Masz77
78;Masz78
79;Masz79
80;Masz80
81;Masz81
82;Masz82
83;Masz83
84;Masz84
85;Masz85
86;Masz86
87;Masz87
88;Masz88
89;Masz89
90;Masz90
91;Masz91
92;Masz92
93;Masz93
94;Masz94
95;Masz95
96;Masz96
97;Masz97
98;Masz98
99;Masz99
100;Masz100
